{"alarm clock": [0.5833897517476578, 0.1532212182940732, 0.2258891211215307], "armchair": [0.46759796660212527, 0.46688956846856544, 0.16915884414016324], "backpack": [0.15935477792537067, 0.4964036416664639, 0.42151320114365987], "bag": [0.9683089903767126, 0.10506671641501764, 0.4716832404933763], "ball": [0.5792267032570527, 0.5587772015918228, 0.33582099545237376], "bar": [0.8901307529642256, 0.6984415024807544, 0.8943485136239723], "basket": [0.37302883902666684, 0.4230702889944695, 0.795598705302463], "bathroom cabinet": [0.5207234783648358, 0.00597373744680918, 0.46318439791354893], "bathroom counter": [0.020576537098193404, 0.2881374272694849, 0.1356863219579666], "bathroom stall": [0.4858163959734856, 0.9256742952845781, 0.5152660127369207], "bathroom stall door": [0.9616954168377313, 0.17569240531143482, 0.7307464603252697], "bathroom vanity": [0.4480167920402959, 0.12468557942126646, 0.99850409145294], "bathtub": [0.8328589171083451, 0.900803008171855, 0.7459789750045117], "bed": [0.9397150782657896, 0.5892026500121917, 0.9982297075428833], "bench": [0.4306395673715404, 0.13878872002546594, 0.10428963026189741], "bicycle": [0.9301371108118514, 0.9003091421339482, 0.9959049600213028], "bin": [0.603987711536053, 0.2539588689761343, 0.5721481790528357], "blackboard": [0.41499757830054784, 0.18327524272927675, 0.22508183681209648], "blanket": [0.9861024051851617, 0.6564864579512015, 0.6218565730386454], "blinds": [0.6253365425359362, 0.7611986158687093, 0.17297889830333024], "board": [0.08748876971112785, 0.5617827804865928, 0.696117602526521], "book": [0.5497758111631847, 0.3259101602331792, 0.5701770143427616], "bookshelf": [0.8205213592186943, 0.7859801642078202, 0.06370523737336653], "bottle": [0.23185285660551969, 0.6987686707494764, 0.25390058625038725], "bowl": [0.7111951088991789, 0.8686026659881223, 0.3074020894532876], "box": [0.5217509248131972, 0.9426824179464406, 0.5263100746602001], "broom": [0.5488062672526626, 0.08685377190210819, 0.23853669994964566], "bucket": [0.23487762048510952, 0.8077581229240375, 0.9818638798946232], "bulletin board": [0.16794691629720016, 0.9155061212218945, 0.03635110585660306], "cabinet": [0.7769610222959188, 0.9229940544878437, 0.5913715485055069], "calendar": [0.513343858144962, 0.1530017207543537, 0.956300503056245], "candle": [0.7771245610950457, 0.37946008195209335, 0.7710399438961358], "cart": [0.7542056269823251, 0.5065348371178267, 0.013296649036691144], "case of water bottles": [0.502443563145424, 0.47055875395400915, 0.2285927877004058], "cd case": [0.6285091987117646, 0.2222186793709917, 0.5244698358562749], "ceiling": [0.5869376906893121, 0.40162899529452567, 0.9378508359049719], "ceiling light": [0.31368178822349113, 0.32224076173558347, 0.8432513641576886], "chair": [0.061516920582721624, 0.03517968680409911, 0.10733443793167585], "clock": [0.34909383530517835, 0.906981317174262, 0.09697830134404828], "closet": [0.5071009564495188, 0.025836013413409575, 0.9988550558416974], "closet door": [0.6610966891417656, 0.8355384158917667, 0.46333606663024685], "closet rod": [0.432374837431575, 0.08166057957997463, 0.7437927702118388], "closet wall": [0.36971994037155265, 0.7202326696454293, 0.5120172464815317], "clothes": [0.07171077022773453, 0.9794475413092459, 0.7452186575922174], "clothes dryer": [0.9270666233995137, 0.1342135407188445, 0.7629970036815203], "coat rack": [0.20791643864915088, 0.4277707053667198, 0.3841691528965675], "coffee kettle": [0.4715500569060894, 0.42461436039981015, 0.13062036620190876], "coffee maker": [0.07867452014138465, 0.03428448061828482, 0.33029751804422514], "coffee table": [0.06244643808247685, 0.6762790576417383, 0.6279919348996987], "column": [0.8360399156618671, 0.36953314617153643, 0.2738695281699346], "computer tower": [0.71309516772145, 0.11657208597956714, 0.023181153155959477], "container": [0.7601646257860811, 0.3672633223855175, 0.8794946595209429], "copier": [0.6984060796648162, 0.02502917870001642, 0.6625722832689275], "couch": [0.6293847135594431, 0.8658682245099343, 0.35312278674772934], "counter": [0.004947374762549472, 0.6566583405204949, 0.27592660616235287], "crate": [0.5056956341704371, 0.8428833833064882, 0.186970050258899], "cup": [0.23417751067537818, 0.0675444169075401, 0.31037252012601446], "curtain": [0.9776498902916833, 0.2758244981228103, 0.5616248298173604], "cushion": [0.6075626693653952, 0.8629858489560377, 0.3001000272171209], "decoration": [0.06632912916897737, 0.4214481809796643, 0.6789982040835509], "desk": [0.6209691756559377, 0.21280488904595884, 0.25249319057160746], "dining table": [0.6762914222982744, 0.11011598722026261, 0.1284267394846007], "dish rack": [0.4904200868734233, 0.36972545564534975, 0.38107348738257196], "dishwasher": [0.19418608875734478, 0.5735339535003691, 0.4385593933683648], "divider": [0.36143946459413623, 0.5282668307613937, 0.11795599082477115], "door": [0.58960857151022, 0.2385770424204955, 0.2778212849425946], "doorframe": [0.25975728616870253, 0.814675355920951, 0.037821445248968355], "dresser": [0.27767344317708786, 0.7616097429986675, 0.9933533865623774], "dumbbell": [0.9464694706528399, 0.38922114469625524, 0.5989439966858646], "dustpan": [0.7242267244530475, 0.9825542109469997, 0.24956497907673048], "end table": [0.5484695029303733, 0.5259246316330916, 0.23264742720223985], "fan": [0.10194880596804479, 0.5757712256331466, 0.008254264619854568], "file cabinet": [0.40812496033098966, 0.7199865313006686, 0.5577954611563944], "fire alarm": [0.004758584304477842, 0.4314262058185847, 0.828415240957452], "fire extinguisher": [0.00438794243033136, 0.14419912180204886, 0.7806539561914241], "fireplace": [0.001021491690546883, 0.32291358292697026, 0.4706458231178555], "floor": [0.7913894417823774, 0.9953685299451333, 0.137229365796523], "folded chair": [0.283710746493835, 0.5435035353463687, 0.8885114837308438], "furniture": [0.09129067121476253, 0.08325474417941037, 0.4715608152219133], "guitar": [0.9950498004762856, 0.14916551596202066, 0.13911479177469377], "guitar case": [0.3276209207666233, 0.888134349270915, 0.2734537560390927], "hair dryer": [0.37134360289748813, 0.3032326873287112, 0.9309909901698923], "handicap bar": [0.7130456037037908, 0.14790977128658256, 0.8000812344056435], "hat": [0.19502098279360625, 0.11979923584117691, 0.4683130315020684], "headphones": [0.2754504209249764, 0.35250277341915115, 0.29493723186480225], "ironing board": [0.4053668971446307, 0.2016977107707777, 0.28360167629822874], "jacket": [0.5902106397324542, 0.8049022596536852, 0.7634644030114448], "keyboard": [0.6813988020639886, 0.45301871231327295, 0.43316747997955596], "keyboard piano": [0.872765104557959, 0.6811818986170333, 0.5799071130891965], "kitchen cabinet": [0.21340248494337588, 0.8212208363121918, 0.7335210964441705], "kitchen counter": [0.6717590617017836, 0.8587917160670311, 0.31248881153063046], "ladder": [0.6476378319692571, 0.8886671151000869, 0.2969055306550442], "lamp": [0.7532060914988908, 0.4397534494240738, 0.2868257127614414], "laptop": [0.7647114517706189, 0.5711612918265304, 0.542195250644462], "laundry basket": [0.09703290098454698, 0.675404001688935, 0.8415898279393099], "laundry detergent": [0.23235917850028032, 0.07437998474127405, 0.9574626802547274], "laundry hamper": [0.21479700232867616, 0.39927266763818237, 0.46797950252029075], "ledge": [0.2591914190024861, 0.6437488488119119, 0.796827839133441], "light": [0.5132017589124663, 0.3372693012029777, 0.15151497183520102], "light switch": [0.9873892461095984, 0.1618736718795749, 0.9975757818570299], "luggage": [0.21813176220771224, 0.8331674891961723, 0.5516060466998259], "machine": [0.07308023729894353, 0.4790648056482433, 0.12000425068061948], "mailbox": [0.7573553609300722, 0.12697534405373367, 0.41668715008367974], "mat": [0.33013058820680996, 0.6286907558017237, 0.7473192586162538], "mattress": [0.9596933671651126, 0.7492647706836261, 0.5554273480400285], "microwave": [0.20786631558508573, 0.8470872823640547, 0.8094704922844103],